UNIQUEID;RECIPEID;STATION_NAME;RECIPE_NAME;SKILLID;SKILL_NAME;KPI_VELOCITY_VALUE_INPUT;KPI_PREDICTION_DURATION;KPI_PREDICTION_ROBOTCONSUMPTION;KPI_PREDICTION_CONSUMPTION
9a58b397-d66e-4e72-b2c5-944d441a5ff6_c565ec01-3fc1-4723-bd7d-653bc2a1982a;9a58b397-d66e-4e72-b2c5-944d441a5ff6;Station1;PWD;c565ec01-3fc1-4723-bd7d-653bc2a1982a;Velocity;56.666666666666664;40.90172915584417;8.88429145021728;12.696848484848482
9a58b397-d66e-4e72-b2c5-944d441a5ff6_15295cb0-5dc1-4321-b7e5-51789eac7ec8;9a58b397-d66e-4e72-b2c5-944d441a5ff6;Station1;PWD;15295cb0-5dc1-4321-b7e5-51789eac7ec8;Velocity_Weld;60;16.84800704687451;4.028419089112361;5.4155437695051045
9a58b397-d66e-4e72-b2c5-944d441a5ff6_0a9d4fcf-8a97-4956-9a43-15d6b1ea3802;9a58b397-d66e-4e72-b2c5-944d441a5ff6;Station1;PWD;0a9d4fcf-8a97-4956-9a43-15d6b1ea3802;Velocity_Pick;50;14.176871252867143;2.3448781105692826;4.0275869052008275
9a58b397-d66e-4e72-b2c5-944d441a5ff6_ff3a2a2c-c48b-4d81-b706-f584e36ee714;9a58b397-d66e-4e72-b2c5-944d441a5ff6;Station1;PWD;ff3a2a2c-c48b-4d81-b706-f584e36ee714;Velocity_Drop;50;10.833606035189957;2.977918482956528;3.1966183762532183
7e272aaf-2974-40d2-abe0-122be5c5e69c_e3bca511-5087-4342-bfae-f460c69885bd;7e272aaf-2974-40d2-abe0-122be5c5e69c;Station2;PWD;e3bca511-5087-4342-bfae-f460c69885bd;Velocity;30;76.8741901721357;16.823295131414895;20.894448043474107
7e272aaf-2974-40d2-abe0-122be5c5e69c_3f9d033f-1da2-4456-b064-a29f805206cf;7e272aaf-2974-40d2-abe0-122be5c5e69c;Station2;PWD;3f9d033f-1da2-4456-b064-a29f805206cf;Velocity_Weld;30;41.24336063127933;9.370289517524197;11.306687407401341
7e272aaf-2974-40d2-abe0-122be5c5e69c_eb58c2ad-4c89-4d5c-8ccf-501c27a8ac46;7e272aaf-2974-40d2-abe0-122be5c5e69c;Station2;PWD;eb58c2ad-4c89-4d5c-8ccf-501c27a8ac46;Velocity_Drop;30;13.927714300099383;2.7940210688488953;3.6849598126855003
7e272aaf-2974-40d2-abe0-122be5c5e69c_7890797e-e242-409a-9343-ffba191bd7c1;7e272aaf-2974-40d2-abe0-122be5c5e69c;Station2;PWD;7890797e-e242-409a-9343-ffba191bd7c1;Velocity_Pick;30;21.019894566286947;4.1883469134556215;5.10043807183751
c35e43c5-de13-4740-af04-61dfef813c61_9c52f835-af79-4ce4-b049-99e8abd45279;c35e43c5-de13-4740-af04-61dfef813c61;Station1;PWD;9c52f835-af79-4ce4-b049-99e8abd45279;Velocity_Pick;50;14.176871252867143;2.3448781105692826;4.0275869052008275
c35e43c5-de13-4740-af04-61dfef813c61_e0651349-695e-4788-a29a-f98ce9eb2c00;c35e43c5-de13-4740-af04-61dfef813c61;Station1;PWD;e0651349-695e-4788-a29a-f98ce9eb2c00;Velocity;56.666666666666664;40.90172915584417;8.88429145021728;12.696848484848482
c35e43c5-de13-4740-af04-61dfef813c61_0e0c2da6-9523-4388-a34d-59070d6ec245;c35e43c5-de13-4740-af04-61dfef813c61;Station1;PWD;0e0c2da6-9523-4388-a34d-59070d6ec245;Velocity_Weld;60;16.84800704687451;4.028419089112361;5.4155437695051045
c35e43c5-de13-4740-af04-61dfef813c61_c2d29779-f481-4cf1-9667-f5bdec548b18;c35e43c5-de13-4740-af04-61dfef813c61;Station1;PWD;c2d29779-f481-4cf1-9667-f5bdec548b18;Velocity_Drop;50;10.833606035189957;2.977918482956528;3.1966183762532183
47727939-80a1-4537-b9a9-7c4fb7f67b37_ce480a10-07dd-4fd6-80e3-01e846679a52;47727939-80a1-4537-b9a9-7c4fb7f67b37;Station2;PWD;ce480a10-07dd-4fd6-80e3-01e846679a52;Velocity;30;76.8741901721357;16.823295131414895;20.894448043474107
47727939-80a1-4537-b9a9-7c4fb7f67b37_0c083c68-9aad-4939-a208-81d94278eb09;47727939-80a1-4537-b9a9-7c4fb7f67b37;Station2;PWD;0c083c68-9aad-4939-a208-81d94278eb09;Velocity_Drop;30;13.927714300099383;2.7940210688488953;3.6849598126855003
47727939-80a1-4537-b9a9-7c4fb7f67b37_aec5bcfe-67cc-4a40-b826-1f66b0498bfd;47727939-80a1-4537-b9a9-7c4fb7f67b37;Station2;PWD;aec5bcfe-67cc-4a40-b826-1f66b0498bfd;Velocity_Pick;30;21.019894566286947;4.1883469134556215;5.10043807183751
47727939-80a1-4537-b9a9-7c4fb7f67b37_d7d5e702-9f81-4af3-8003-9827b1798ca3;47727939-80a1-4537-b9a9-7c4fb7f67b37;Station2;PWD;d7d5e702-9f81-4af3-8003-9827b1798ca3;Velocity_Weld;30;41.24336063127933;9.370289517524197;11.306687407401341
f84fa8cd-dae1-4ccb-adad-f14215c757e1_a4dd914d-299c-4239-bd71-7d1cd54444d8;f84fa8cd-dae1-4ccb-adad-f14215c757e1;Station1;PWD;a4dd914d-299c-4239-bd71-7d1cd54444d8;Velocity_Pick;50;14.176871252867143;2.3448781105692826;4.0275869052008275
f84fa8cd-dae1-4ccb-adad-f14215c757e1_f5458950-b7ef-4e27-ae60-742852412193;f84fa8cd-dae1-4ccb-adad-f14215c757e1;Station1;PWD;f5458950-b7ef-4e27-ae60-742852412193;Velocity;56.666666666666664;40.90172915584417;8.88429145021728;12.696848484848482
f84fa8cd-dae1-4ccb-adad-f14215c757e1_74a9310e-2c55-4103-8805-23d2dcd5c106;f84fa8cd-dae1-4ccb-adad-f14215c757e1;Station1;PWD;74a9310e-2c55-4103-8805-23d2dcd5c106;Velocity_Weld;60;16.84800704687451;4.028419089112361;5.4155437695051045
f84fa8cd-dae1-4ccb-adad-f14215c757e1_87088a1c-8ca9-4053-a515-5580e523ad02;f84fa8cd-dae1-4ccb-adad-f14215c757e1;Station1;PWD;87088a1c-8ca9-4053-a515-5580e523ad02;Velocity_Drop;50;10.833606035189957;2.977918482956528;3.1966183762532183
238253b9-cea4-4cff-b2e6-83f787ade8f2_abe56da1-aa33-4bb4-bc0c-152a18e55708;238253b9-cea4-4cff-b2e6-83f787ade8f2;Station2;PWD;abe56da1-aa33-4bb4-bc0c-152a18e55708;Velocity;30;76.8741901721357;16.823295131414895;20.894448043474107
238253b9-cea4-4cff-b2e6-83f787ade8f2_f7fd06c6-e2c5-4a55-8c01-33152d0a951e;238253b9-cea4-4cff-b2e6-83f787ade8f2;Station2;PWD;f7fd06c6-e2c5-4a55-8c01-33152d0a951e;Velocity_Weld;30;41.24336063127933;9.370289517524197;11.306687407401341
238253b9-cea4-4cff-b2e6-83f787ade8f2_5da0ec0e-f881-49ce-abc9-e2dc3182d7f9;238253b9-cea4-4cff-b2e6-83f787ade8f2;Station2;PWD;5da0ec0e-f881-49ce-abc9-e2dc3182d7f9;Velocity_Pick;30;21.019894566286947;4.1883469134556215;5.10043807183751
238253b9-cea4-4cff-b2e6-83f787ade8f2_06dad185-99f0-444c-a394-a5c54185b94c;238253b9-cea4-4cff-b2e6-83f787ade8f2;Station2;PWD;06dad185-99f0-444c-a394-a5c54185b94c;Velocity_Drop;30;13.927714300099383;2.7940210688488953;3.6849598126855003
7d894b55-2c36-4216-8336-6bb066ff765f_078dd202-b1d7-40f3-a3c2-93b141fa8bd6;7d894b55-2c36-4216-8336-6bb066ff765f;Station1;PWD;078dd202-b1d7-40f3-a3c2-93b141fa8bd6;Velocity;56.666666666666664;40.90172915584417;8.88429145021728;12.696848484848482
7d894b55-2c36-4216-8336-6bb066ff765f_204039e3-ca52-427b-91d6-ba057c62c420;7d894b55-2c36-4216-8336-6bb066ff765f;Station1;PWD;204039e3-ca52-427b-91d6-ba057c62c420;Velocity_Weld;60;16.84800704687451;4.028419089112361;5.4155437695051045
7d894b55-2c36-4216-8336-6bb066ff765f_45f1ebc2-1ce2-4e1a-b7f4-8af35d8275a6;7d894b55-2c36-4216-8336-6bb066ff765f;Station1;PWD;45f1ebc2-1ce2-4e1a-b7f4-8af35d8275a6;Velocity_Drop;50;10.833606035189957;2.977918482956528;3.1966183762532183
7d894b55-2c36-4216-8336-6bb066ff765f_4f0b2c2c-9fdc-47dc-95e9-c695f394fd84;7d894b55-2c36-4216-8336-6bb066ff765f;Station1;PWD;4f0b2c2c-9fdc-47dc-95e9-c695f394fd84;Velocity_Pick;50;14.176871252867143;2.3448781105692826;4.0275869052008275
9fb75793-f73c-40e0-bdbc-05b687116ba6_489f83f4-3898-4b24-9fb7-36f448b3ef49;9fb75793-f73c-40e0-bdbc-05b687116ba6;Station2;PWD;489f83f4-3898-4b24-9fb7-36f448b3ef49;Velocity;30;76.8741901721357;16.823295131414895;20.894448043474107
9fb75793-f73c-40e0-bdbc-05b687116ba6_5402e49e-7f25-47b7-a560-84d7f5ee59ef;9fb75793-f73c-40e0-bdbc-05b687116ba6;Station2;PWD;5402e49e-7f25-47b7-a560-84d7f5ee59ef;Velocity_Pick;30;21.019894566286947;4.1883469134556215;5.10043807183751
9fb75793-f73c-40e0-bdbc-05b687116ba6_00b8852e-adc3-4444-92cb-d40f35c6f5d1;9fb75793-f73c-40e0-bdbc-05b687116ba6;Station2;PWD;00b8852e-adc3-4444-92cb-d40f35c6f5d1;Velocity_Weld;30;41.24336063127933;9.370289517524197;11.306687407401341
9fb75793-f73c-40e0-bdbc-05b687116ba6_95d3b68d-f4a5-42b6-b1ad-394a07b7cd1c;9fb75793-f73c-40e0-bdbc-05b687116ba6;Station2;PWD;95d3b68d-f4a5-42b6-b1ad-394a07b7cd1c;Velocity_Drop;30;13.927714300099383;2.7940210688488953;3.6849598126855003
899c8638-a3f9-4389-93b2-4ef4facac3a2_9874b317-f78c-4e15-b7f4-9d1441d41bc2;899c8638-a3f9-4389-93b2-4ef4facac3a2;Station2;PWD;9874b317-f78c-4e15-b7f4-9d1441d41bc2;Velocity;30;76.8741901721357;16.823295131414895;20.894448043474107
b26d8846-071f-4427-921d-2b31beab47d9_ecdc7fdd-0b51-44ec-8abb-ac7f885d6026;b26d8846-071f-4427-921d-2b31beab47d9;Station1;PWD;ecdc7fdd-0b51-44ec-8abb-ac7f885d6026;Velocity;56.666666666666664;40.90172915584417;8.88429145021728;12.696848484848482
b26d8846-071f-4427-921d-2b31beab47d9_f16ce505-64f2-4a7e-b1e0-9bae3c7f3153;b26d8846-071f-4427-921d-2b31beab47d9;Station1;PWD;f16ce505-64f2-4a7e-b1e0-9bae3c7f3153;Velocity_Weld;60;16.84800704687451;4.028419089112361;5.4155437695051045
b26d8846-071f-4427-921d-2b31beab47d9_2458be7c-a9ae-4a1c-861a-8e8222e440ca;b26d8846-071f-4427-921d-2b31beab47d9;Station1;PWD;2458be7c-a9ae-4a1c-861a-8e8222e440ca;Velocity_Drop;50;10.833606035189957;2.977918482956528;3.1966183762532183
b26d8846-071f-4427-921d-2b31beab47d9_8f00cf6b-a3ec-4401-9850-49556f62e9b0;b26d8846-071f-4427-921d-2b31beab47d9;Station1;PWD;8f00cf6b-a3ec-4401-9850-49556f62e9b0;Velocity_Pick;50;14.176871252867143;2.3448781105692826;4.0275869052008275
899c8638-a3f9-4389-93b2-4ef4facac3a2_0ce75837-e071-404e-b38e-52a10997d4a4;899c8638-a3f9-4389-93b2-4ef4facac3a2;Station2;PWD;0ce75837-e071-404e-b38e-52a10997d4a4;Velocity_Pick;30;21.019894566286947;4.1883469134556215;5.10043807183751
899c8638-a3f9-4389-93b2-4ef4facac3a2_783ad5b0-e3e7-460a-8e46-659f64615790;899c8638-a3f9-4389-93b2-4ef4facac3a2;Station2;PWD;783ad5b0-e3e7-460a-8e46-659f64615790;Velocity_Weld;30;41.24336063127933;9.370289517524197;11.306687407401341
899c8638-a3f9-4389-93b2-4ef4facac3a2_79ce56f5-29ba-4d35-9038-1156f3d94c42;899c8638-a3f9-4389-93b2-4ef4facac3a2;Station2;PWD;79ce56f5-29ba-4d35-9038-1156f3d94c42;Velocity_Drop;30;13.927714300099383;2.7940210688488953;3.6849598126855003
f873c3dc-8d19-4fe2-a4ba-2de0d5463b19_e8981f6e-a77c-4d1f-b380-d32b57998bae;f873c3dc-8d19-4fe2-a4ba-2de0d5463b19;Station1;PWD;e8981f6e-a77c-4d1f-b380-d32b57998bae;Velocity_Weld;60;16.84800704687451;4.028419089112361;5.4155437695051045
f873c3dc-8d19-4fe2-a4ba-2de0d5463b19_0a409b0d-570d-4e84-8bf6-9300393b2b5a;f873c3dc-8d19-4fe2-a4ba-2de0d5463b19;Station1;PWD;0a409b0d-570d-4e84-8bf6-9300393b2b5a;Velocity;56.666666666666664;40.90172915584417;8.88429145021728;12.696848484848482
f873c3dc-8d19-4fe2-a4ba-2de0d5463b19_fbd2d2be-b50f-4fc1-85b5-8c328231cf8c;f873c3dc-8d19-4fe2-a4ba-2de0d5463b19;Station1;PWD;fbd2d2be-b50f-4fc1-85b5-8c328231cf8c;Velocity_Pick;50;14.176871252867143;2.3448781105692826;4.0275869052008275
f873c3dc-8d19-4fe2-a4ba-2de0d5463b19_16357b8a-ffb3-4fe9-982f-7e5a09afc994;f873c3dc-8d19-4fe2-a4ba-2de0d5463b19;Station1;PWD;16357b8a-ffb3-4fe9-982f-7e5a09afc994;Velocity_Drop;50;10.833606035189957;2.977918482956528;3.1966183762532183
00c2bbf3-3611-4e04-a320-271f5e3a4938_0582f2b5-e0dd-4f0e-b844-49da0611af91;00c2bbf3-3611-4e04-a320-271f5e3a4938;Station2;PWCD;0582f2b5-e0dd-4f0e-b844-49da0611af91;Velocity;30;86.15264333391283;18.461839345295218;22.581587060488964
00c2bbf3-3611-4e04-a320-271f5e3a4938_dbbbb8d8-c117-40f8-aa04-6402161d467e;00c2bbf3-3611-4e04-a320-271f5e3a4938;Station2;PWCD;dbbbb8d8-c117-40f8-aa04-6402161d467e;Velocity_WeldComplex;30;50.50351510015521;11.314779408732393;13.657104062395556
00c2bbf3-3611-4e04-a320-271f5e3a4938_b836713c-93be-41ee-b6c3-72eb7c11bb8e;00c2bbf3-3611-4e04-a320-271f5e3a4938;Station2;PWCD;b836713c-93be-41ee-b6c3-72eb7c11bb8e;Velocity_Pick;30;20.836515095120294;4.079097029068791;5.141345407103132
00c2bbf3-3611-4e04-a320-271f5e3a4938_6fb22916-0db5-445f-a546-2b54e4eb671c;00c2bbf3-3611-4e04-a320-271f5e3a4938;Station2;PWCD;6fb22916-0db5-445f-a546-2b54e4eb671c;Velocity_Drop;30;13.89130657510381;2.824228137373735;3.6373405360600817
4e083b41-98b6-494c-ace8-e1d78746510a_f1f572b8-bcf9-4ab1-832a-1ba9de837ed5;4e083b41-98b6-494c-ace8-e1d78746510a;Station2;PWCD;f1f572b8-bcf9-4ab1-832a-1ba9de837ed5;Velocity;30;86.15264333391283;18.461839345295218;22.581587060488964
4e083b41-98b6-494c-ace8-e1d78746510a_aa68b6a2-22fb-4249-86f4-3a2621584be5;4e083b41-98b6-494c-ace8-e1d78746510a;Station2;PWCD;aa68b6a2-22fb-4249-86f4-3a2621584be5;Velocity_WeldComplex;30;50.50351510015521;11.314779408732393;13.657104062395556
4e083b41-98b6-494c-ace8-e1d78746510a_acd8f728-7bc4-48c4-9e03-1557f19155cf;4e083b41-98b6-494c-ace8-e1d78746510a;Station2;PWCD;acd8f728-7bc4-48c4-9e03-1557f19155cf;Velocity_Pick;30;20.836515095120294;4.079097029068791;5.141345407103132
4e083b41-98b6-494c-ace8-e1d78746510a_5df7ae0b-ec8c-4d24-9c38-750a35d769cd;4e083b41-98b6-494c-ace8-e1d78746510a;Station2;PWCD;5df7ae0b-ec8c-4d24-9c38-750a35d769cd;Velocity_Drop;30;13.89130657510381;2.824228137373735;3.6373405360600817
61031b42-e0f6-4f48-9e17-0e7ac2802157_497329b4-3cb8-415b-a64d-ed9247dccdd8;61031b42-e0f6-4f48-9e17-0e7ac2802157;Station1;PWCD;497329b4-3cb8-415b-a64d-ed9247dccdd8;Velocity;60;51.50909758957375;12.787849523783905;16.752183748041517
61031b42-e0f6-4f48-9e17-0e7ac2802157_b4e755d3-73af-4b82-81dc-b12f76a7506d;61031b42-e0f6-4f48-9e17-0e7ac2802157;Station1;PWCD;b4e755d3-73af-4b82-81dc-b12f76a7506d;Velocity_Pick;60;12.995372382211016;2.0973233688001294;4.047080255202904
61031b42-e0f6-4f48-9e17-0e7ac2802157_63673fd7-e5b1-42ac-ae3b-2e9762a0ba3d;61031b42-e0f6-4f48-9e17-0e7ac2802157;Station1;PWCD;63673fd7-e5b1-42ac-ae3b-2e9762a0ba3d;Velocity_WeldComplex;60;27.78930679679382;7.088639566586716;9.39727259657673
61031b42-e0f6-4f48-9e17-0e7ac2802157_04c2f355-2500-43f0-a9ec-4c0f1285fc4f;61031b42-e0f6-4f48-9e17-0e7ac2802157;Station1;PWCD;04c2f355-2500-43f0-a9ec-4c0f1285fc4f;Velocity_Drop;60;9.741715917330149;3.2321364497691407;3.1728643068412463
3ff53b69-a3db-47f7-a598-60ff5fb06d4c_ca17bda9-30e3-4761-8438-ab03e436e9b0;3ff53b69-a3db-47f7-a598-60ff5fb06d4c;Station2;PWCD;ca17bda9-30e3-4761-8438-ab03e436e9b0;Velocity_Drop;30;13.89130657510381;2.824228137373735;3.6373405360600817
3ff53b69-a3db-47f7-a598-60ff5fb06d4c_588e9c92-2bb3-451e-adef-1972f653f47b;3ff53b69-a3db-47f7-a598-60ff5fb06d4c;Station2;PWCD;588e9c92-2bb3-451e-adef-1972f653f47b;Velocity;30;86.15264333391283;18.461839345295218;22.581587060488964
3ff53b69-a3db-47f7-a598-60ff5fb06d4c_3cc579a8-b0b5-44e0-acaf-e1647ee45a02;3ff53b69-a3db-47f7-a598-60ff5fb06d4c;Station2;PWCD;3cc579a8-b0b5-44e0-acaf-e1647ee45a02;Velocity_Pick;30;20.836515095120294;4.079097029068791;5.141345407103132
3ff53b69-a3db-47f7-a598-60ff5fb06d4c_7b42c86e-16f6-4c5f-94e1-ac61a4dd2e96;3ff53b69-a3db-47f7-a598-60ff5fb06d4c;Station2;PWCD;7b42c86e-16f6-4c5f-94e1-ac61a4dd2e96;Velocity_WeldComplex;30;50.50351510015521;11.314779408732393;13.657104062395556
2be96e82-9d83-4d88-a5eb-492986f2ed85_54dca049-7e16-42ca-89d3-d26d90591248;2be96e82-9d83-4d88-a5eb-492986f2ed85;Station1;PWCD;54dca049-7e16-42ca-89d3-d26d90591248;Velocity_WeldComplex;60;27.78930679679382;7.088639566586716;9.39727259657673
2be96e82-9d83-4d88-a5eb-492986f2ed85_da2ba912-9f55-43a7-8a06-e682cac803c8;2be96e82-9d83-4d88-a5eb-492986f2ed85;Station1;PWCD;da2ba912-9f55-43a7-8a06-e682cac803c8;Velocity;60;51.50909758957375;12.787849523783905;16.752183748041517
2be96e82-9d83-4d88-a5eb-492986f2ed85_e49fbaf3-f779-4d80-9a79-df28dc6a5970;2be96e82-9d83-4d88-a5eb-492986f2ed85;Station1;PWCD;e49fbaf3-f779-4d80-9a79-df28dc6a5970;Velocity_Pick;60;12.995372382211016;2.0973233688001294;4.047080255202904
2be96e82-9d83-4d88-a5eb-492986f2ed85_599cf571-80da-461e-9427-eafc2f889f0b;2be96e82-9d83-4d88-a5eb-492986f2ed85;Station1;PWCD;599cf571-80da-461e-9427-eafc2f889f0b;Velocity_Drop;60;9.741715917330149;3.2321364497691407;3.1728643068412463
f326ad43-1492-4651-969f-8e03976f2a3f_ede6b9e7-a44b-43d8-b20f-d2cdf6d1cf73;f326ad43-1492-4651-969f-8e03976f2a3f;Station2;PWCD;ede6b9e7-a44b-43d8-b20f-d2cdf6d1cf73;Velocity_Pick;30;20.836515095120294;4.079097029068791;5.141345407103132
f326ad43-1492-4651-969f-8e03976f2a3f_8f2b3c6e-174f-417f-b499-d3ce286afc89;f326ad43-1492-4651-969f-8e03976f2a3f;Station2;PWCD;8f2b3c6e-174f-417f-b499-d3ce286afc89;Velocity;30;86.15264333391283;18.461839345295218;22.581587060488964
f326ad43-1492-4651-969f-8e03976f2a3f_bbd8d43e-4fd1-4b6e-8e70-af44ce26e097;f326ad43-1492-4651-969f-8e03976f2a3f;Station2;PWCD;bbd8d43e-4fd1-4b6e-8e70-af44ce26e097;Velocity_WeldComplex;30;50.50351510015521;11.314779408732393;13.657104062395556
f326ad43-1492-4651-969f-8e03976f2a3f_a20ad752-5b85-45a7-a71b-0aaa8363e466;f326ad43-1492-4651-969f-8e03976f2a3f;Station2;PWCD;a20ad752-5b85-45a7-a71b-0aaa8363e466;Velocity_Drop;30;13.89130657510381;2.824228137373735;3.6373405360600817
e03c2999-fc1d-46e6-98ec-79e466a69829_616fc4c0-c274-4ea1-b1ad-47c6931303e2;e03c2999-fc1d-46e6-98ec-79e466a69829;Station1;PWCD;616fc4c0-c274-4ea1-b1ad-47c6931303e2;Velocity;60;51.50909758957375;12.787849523783905;16.752183748041517
e03c2999-fc1d-46e6-98ec-79e466a69829_50165c25-2d3d-4f0f-adf2-064dc3293780;e03c2999-fc1d-46e6-98ec-79e466a69829;Station1;PWCD;50165c25-2d3d-4f0f-adf2-064dc3293780;Velocity_Pick;60;12.995372382211016;2.0973233688001294;4.047080255202904
e03c2999-fc1d-46e6-98ec-79e466a69829_5939d148-4819-4eef-8727-d22f80e7c161;e03c2999-fc1d-46e6-98ec-79e466a69829;Station1;PWCD;5939d148-4819-4eef-8727-d22f80e7c161;Velocity_Drop;60;9.741715917330149;3.2321364497691407;3.1728643068412463
e03c2999-fc1d-46e6-98ec-79e466a69829_e172cb37-2f04-4302-8978-94354454e883;e03c2999-fc1d-46e6-98ec-79e466a69829;Station1;PWCD;e172cb37-2f04-4302-8978-94354454e883;Velocity_WeldComplex;60;27.78930679679382;7.088639566586716;9.39727259657673
a4c20791-c995-46d8-9cbb-142e80c1f77c_3eb8d88f-643f-4801-892b-b93f3cbf8882;a4c20791-c995-46d8-9cbb-142e80c1f77c;Station2;PWCD;3eb8d88f-643f-4801-892b-b93f3cbf8882;Velocity;30;86.15264333391283;18.461839345295218;22.581587060488964
a4c20791-c995-46d8-9cbb-142e80c1f77c_fdaaa6d3-9347-4bd8-a820-d83784228a3c;a4c20791-c995-46d8-9cbb-142e80c1f77c;Station2;PWCD;fdaaa6d3-9347-4bd8-a820-d83784228a3c;Velocity_Drop;30;13.89130657510381;2.824228137373735;3.6373405360600817
a4c20791-c995-46d8-9cbb-142e80c1f77c_fb7d96e4-eef2-4e0f-99dd-3b657f069f97;a4c20791-c995-46d8-9cbb-142e80c1f77c;Station2;PWCD;fb7d96e4-eef2-4e0f-99dd-3b657f069f97;Velocity_Pick;30;20.836515095120294;4.079097029068791;5.141345407103132
a4c20791-c995-46d8-9cbb-142e80c1f77c_a41e661d-51b3-4492-8f86-ecb9b836a549;a4c20791-c995-46d8-9cbb-142e80c1f77c;Station2;PWCD;a41e661d-51b3-4492-8f86-ecb9b836a549;Velocity_WeldComplex;30;50.50351510015521;11.314779408732393;13.657104062395556
ad20a1a6-d42f-4e0d-a802-af02201dab81_c04d8e11-35f5-420f-b281-b5f64b7a97e9;ad20a1a6-d42f-4e0d-a802-af02201dab81;Station1;PWCD;c04d8e11-35f5-420f-b281-b5f64b7a97e9;Velocity;60;51.50909758957375;12.787849523783905;16.752183748041517
ad20a1a6-d42f-4e0d-a802-af02201dab81_722dcf4f-da6f-4c1a-9c76-094513dd9c35;ad20a1a6-d42f-4e0d-a802-af02201dab81;Station1;PWCD;722dcf4f-da6f-4c1a-9c76-094513dd9c35;Velocity_Drop;60;9.741715917330149;3.2321364497691407;3.1728643068412463
ad20a1a6-d42f-4e0d-a802-af02201dab81_b7a8e403-0d36-47cf-8de4-e724b9105c6d;ad20a1a6-d42f-4e0d-a802-af02201dab81;Station1;PWCD;b7a8e403-0d36-47cf-8de4-e724b9105c6d;Velocity_Pick;60;12.995372382211016;2.0973233688001294;4.047080255202904
ad20a1a6-d42f-4e0d-a802-af02201dab81_229ac797-8f7d-4d5e-bbe1-0fe5f67306c4;ad20a1a6-d42f-4e0d-a802-af02201dab81;Station1;PWCD;229ac797-8f7d-4d5e-bbe1-0fe5f67306c4;Velocity_WeldComplex;60;27.78930679679382;7.088639566586716;9.39727259657673
1a194245-0a26-4692-9387-0657311f0485_3ef36424-0533-444f-b0ec-e14b6dd0ad44;1a194245-0a26-4692-9387-0657311f0485;Station2;PWCD;3ef36424-0533-444f-b0ec-e14b6dd0ad44;Velocity;30;86.15264333391283;18.461839345295218;22.581587060488964
1a194245-0a26-4692-9387-0657311f0485_15b7c651-c5dc-4dab-88b5-82434bb1c22d;1a194245-0a26-4692-9387-0657311f0485;Station2;PWCD;15b7c651-c5dc-4dab-88b5-82434bb1c22d;Velocity_Drop;30;13.89130657510381;2.824228137373735;3.6373405360600817
1a194245-0a26-4692-9387-0657311f0485_0e4ede7b-3936-4cd5-be3e-64408c7aaff4;1a194245-0a26-4692-9387-0657311f0485;Station2;PWCD;0e4ede7b-3936-4cd5-be3e-64408c7aaff4;Velocity_Pick;30;20.836515095120294;4.079097029068791;5.141345407103132
1a194245-0a26-4692-9387-0657311f0485_3f45b39b-a97c-427d-819f-c43faccb48ee;1a194245-0a26-4692-9387-0657311f0485;Station2;PWCD;3f45b39b-a97c-427d-819f-c43faccb48ee;Velocity_WeldComplex;30;50.50351510015521;11.314779408732393;13.657104062395556
